"X.1.31..귀하의.성별은.","X.2.31..귀하의.학년은.","X.3.31...코로나.이전..귀하의.월평균.수입은.어느.정도였습니까.","X.4.31...코로나.팬데믹..귀하의.월평균.수입은.어느.정도입니까.","X.5.31...코로나.이전..귀하는.어디서.가장.많은.수입을.얻었나요.","X.6.31...코로나.팬데믹..귀하는.어디서.가장.많은.수입을.얻나요.","X.7.31...코로나.이전..귀하는.월평균.얼마.정도.지출하셨습니까.","X.8.31...코로나.팬데믹..귀하는.월평균.얼마.정도.지출하십니까.","X.9.31...코로나.이전..귀하의.음주.빈도는..1주일.기준.","X.10.31...코로나.팬데믹..귀하의.음주.빈도는..1주일.기준.","X.11.31...코로나.이전..귀하가.구매하는.월.평균.의복.지출의.개수는.","X.12.31...코로나.팬데믹..귀하가.구매하는.월.평균.의복.지출의.개수는.","X.13.31...코로나.이전..귀하의.온라인.장바구니에.담겨있는.물품의.개수는.어느.정도.있었습니까.","X.14.31...코로나.팬데믹..귀하의.온라인.장바구니에.담겨있는.물품의.개수는.어느.정도.있었습니까.","X.15.31...코로나.이전..귀하의.월.평균.의료.보건..비용은.","X.16.31...코로나.팬데믹..귀하의.월.평균.의료.보건..비용은.","X.17.31...코로나.이전..귀하의.월.평균.대중교통.비용은.","X.18.31...코로나.팬데믹..귀하의.월.평균.대중교통.비용은.","X.19.31...코로나.이전..귀하는.식사를.주로.어떻게.해결하셨습니까.","X.20.31...코로나.팬데믹..귀하는.식사를.주로.어떻게.해결하셨습니까.","X.21.31...코로나.이전..귀하의.자기.계발.지출.영역은.","X.22.31...코로나.팬데믹..귀하의.자기.계발.지출.영역은.","X.23.31...코로나.이전..귀하의.월.평균.휴대폰.통신.비용은.","X.24.31...코로나.팬데믹..귀하의.월.평균.휴대폰.통신.비용은.","X.25.31...코로나.이전..귀하의.주거.형태는.","X.26.31...코로나.팬데믹..귀하의.주거.형태는.","X.27.31...코로나.이전..귀하가.자주.지출하는.문화..레저.영역은.","X.28.31...코로나.팬데믹..귀하가.자주.지출하는.문화..레저.영역은.","X.29.31...코로나.이전..귀하가.구독한.OTT.서비스의.개수는..","X.30.31...코로나.팬데믹..귀하가.구독한.OTT.서비스의.개수는..","X.31.31..코로나.19.가.귀하의.소비.행태에.영향을.주었다고.생각하십니까."
"남",4,3,4,"아르바이트","공공근로(멘토링, 근로 장학 등)",3,5,2,3,"2","2","3","4","1","2","3","4","집에서 해 먹는다.","밖에서 먹는다.","전공 및 자격증 공부","전공 및 자격증 공부","3","3","자취","자취","영화","운동","0","1","4"
"남",4,3,3,"용돈(가족의 지원)","공공근로(멘토링, 근로 장학 등)",3,4,4,4,"2","3","4","4","3","3","3","3","배달 음식","집에서 해 먹는다.","체력 및 건강관리","체력 및 건강관리","2","2","자취","가족과 함께 지낸다","영화","게임","1","2","4"
"여",4,4,4,"용돈(가족의 지원)","용돈(가족의 지원)",4,5,3,2,"1","1","5","5","3","3","3","3","집에서 해 먹는다.","집에서 해 먹는다.","전공 및 자격증 공부","전공 및 자격증 공부","3","3","기숙사","자취","영화","게임","1","2","4"
"남",2,3,3,"아르바이트","아르바이트",4,3,4,3,"2","1","3","3","2","2","4","3","밖에서 먹는다.","밖에서 먹는다.","체력 및 건강관리","체력 및 건강관리","3","3","가족과 함께 지낸다","기숙사","운동","게임","2","3","3"
"남",2,3,3,"용돈(가족의 지원)","용돈(가족의 지원)",2,3,1,2,"2","1","2","2","2","2","3","3","밖에서 먹는다.","집에서 해 먹는다.","체력 및 건강관리","체력 및 건강관리","1","1","가족과 함께 지낸다","기숙사","영화","게임","0","0","3"
"남",2,1,1,"용돈(가족의 지원)","용돈(가족의 지원)",1,1,2,1,"3","2","3","2","3","2","2","2","밖에서 먹는다.","집에서 해 먹는다.","전공 및 자격증 공부","체력 및 건강관리","2","2","가족과 함께 지낸다","가족과 함께 지낸다","게임","운동","1","1","3"
"남",2,3,5,"아르바이트","아르바이트",2,3,5,3,"2","3","3","5","3","4","3","3","밖에서 먹는다.","배달 음식","예체능(음악, 미술)","예체능(음악, 미술)","3","3","가족과 함께 지낸다","가족과 함께 지낸다","전시회 및 콘서트(공연)","운동","2","1","5"
"남",2,1,1,"용돈(가족의 지원)","용돈(가족의 지원)",1,1,3,2,"2","2","1","1","1","1","3","2","밖에서 먹는다.","집에서 해 먹는다.","외국어 공부","체력 및 건강관리","1","1","가족과 함께 지낸다","가족과 함께 지낸다","영화","운동","1","1","3"
"남",4,5,5,"용돈(가족의 지원)","용돈(가족의 지원)",4,4,2,2,"1","1","1","1","5","5","2","2","배달 음식","배달 음식","전공 및 자격증 공부","전공 및 자격증 공부","3","3","자취","자취","게임","게임","1","1","4"
"남",4,5,5,"용돈(가족의 지원)","용돈(가족의 지원)",5,5,3,2,"1","1","2","2","2","2","2","2","밖에서 먹는다.","배달 음식","체력 및 건강관리","체력 및 건강관리","3","3","가족과 함께 지낸다","자취","영화","게임","0","1","4"
"여",2,2,3,"아르바이트","공공근로(멘토링, 근로 장학 등)",5,5,5,3,"2","1","5","5","1","2","3","2","집에서 해 먹는다.","배달 음식","독서","독서","2","2","기숙사","가족과 함께 지낸다","전시회 및 콘서트(공연)","책","2","4","4"
"남",4,5,5,"용돈(가족의 지원)","용돈(가족의 지원)",5,5,2,2,"1","1","1","1","3","3","2","2","배달 음식","집에서 해 먹는다.","체력 및 건강관리","체력 및 건강관리","3","3","가족과 함께 지낸다","가족과 함께 지낸다","운동","운동","0","0","3"
"여",2,2,1,"용돈(가족의 지원)","용돈(가족의 지원)",1,2,1,1,"2","1","3","4","2","1","3","5","밖에서 먹는다.","배달 음식","전공 및 자격증 공부","전공 및 자격증 공부","1","2","가족과 함께 지낸다","가족과 함께 지낸다","영화","게임","1","1","3"
"여",2,1,2,"공공근로(멘토링, 근로 장학 등)","공공근로(멘토링, 근로 장학 등)",1,4,2,3,"1","2","2","3","1","1","2","2","집에서 해 먹는다.","배달 음식","전공 및 자격증 공부","체력 및 건강관리","1","1","가족과 함께 지낸다","가족과 함께 지낸다","게임","운동","0","1","4"
"여",3,4,4,"아르바이트","아르바이트",3,3,4,2,"2","2","4","4","2","2","2","2","배달 음식","배달 음식","독서","체력 및 건강관리","3","3","가족과 함께 지낸다","가족과 함께 지낸다","영화","운동","1","2","2"
"여",3,5,4,"아르바이트","아르바이트",3,2,3,2,"4","3","4","5","1","2","4","3","밖에서 먹는다.","집에서 해 먹는다.","체력 및 건강관리","전공 및 자격증 공부","3","3","가족과 함께 지낸다","가족과 함께 지낸다","운동","게임","1","2","5"
"여",3,3,3,"용돈(가족의 지원)","용돈(가족의 지원)",3,5,3,2,"3","5","2","4","2","2","2","2","밖에서 먹는다.","배달 음식","전공 및 자격증 공부","전공 및 자격증 공부","2","2","가족과 함께 지낸다","자취","전시회 및 콘서트(공연)","게임","0","4","5"
"남",3,2,1,"용돈(가족의 지원)","용돈(가족의 지원)",1,1,1,1,"2","2","1","1","1","1","1","1","집에서 해 먹는다.","집에서 해 먹는다.","체력 및 건강관리","독서","2","2","가족과 함께 지낸다","가족과 함께 지낸다","게임","게임","0","0","2"
"남",4,2,3,"금융(투자)","용돈(가족의 지원)",2,3,1,1,"1","1","3","3","4","2","5","5","집에서 해 먹는다.","배달 음식","독서","전공 및 자격증 공부","3","3","기숙사","자취","책","게임","1","2","3"
"남",3,3,5,"용돈(가족의 지원)","아르바이트",4,3,4,2,"2","2","2","4","1","1","5","3","밖에서 먹는다.","집에서 해 먹는다.","체력 및 건강관리","전공 및 자격증 공부","2","3","기숙사","자취","영화","게임","0","2","5"
"남",3,3,3,"아르바이트","아르바이트",2,1,3,2,"2","1","3","2","1","1","3","2","집에서 해 먹는다.","집에서 해 먹는다.","체력 및 건강관리","체력 및 건강관리","2","1","가족과 함께 지낸다","가족과 함께 지낸다","운동","영화","1","1","3"
"여",3,5,5,"아르바이트","아르바이트",4,5,5,3,"1","1","2","3","1","2","3","3","배달 음식","배달 음식","전공 및 자격증 공부","예체능(음악, 미술)","3","3","가족과 함께 지낸다","가족과 함께 지낸다","게임","게임","0","2","3"
"여",4,5,5,"아르바이트","아르바이트",5,4,4,2,"2","1","2","2","2","2","3","3","집에서 해 먹는다.","배달 음식","전공 및 자격증 공부","전공 및 자격증 공부","1","1","가족과 함께 지낸다","가족과 함께 지낸다","영화","영화","2","3","4"
"여",1,3,5,"용돈(가족의 지원)","아르바이트",5,5,4,3,"4","4","5","5","1","1","5","5","밖에서 먹는다.","밖에서 먹는다.","체력 및 건강관리","체력 및 건강관리","2","2","가족과 함께 지낸다","기숙사","게임","게임","1","2","3"
"남",4,4,4,"용돈(가족의 지원)","용돈(가족의 지원)",4,5,3,3,"1","2","2","3","1","1","3","2","집에서 해 먹는다.","배달 음식","전공 및 자격증 공부","전공 및 자격증 공부","2","2","자취","자취","게임","영화","1","2","5"
"남",4,4,4,"아르바이트","공공근로(멘토링, 근로 장학 등)",3,3,3,2,"1","1","1","2","1","1","3","2","집에서 해 먹는다.","집에서 해 먹는다.","전공 및 자격증 공부","전공 및 자격증 공부","2","2","가족과 함께 지낸다","가족과 함께 지낸다","게임","게임","0","0","4"
"여",4,5,5,"아르바이트","공공근로(멘토링, 근로 장학 등)",5,5,4,3,"4","4","5","5","1","2","5","4","밖에서 먹는다.","배달 음식","외국어 공부","체력 및 건강관리","2","2","기숙사","자취","영화","운동","0","2","4"
"남",3,5,4,"아르바이트","아르바이트",5,5,4,2,"1","2","1","2","1","2","3","2","밖에서 먹는다.","밖에서 먹는다.","예체능(음악, 미술)","예체능(음악, 미술)","3","3","가족과 함께 지낸다","기숙사","게임","게임","0","1","3"
"남",4,3,1,"아르바이트","아르바이트",2,2,3,2,"2","1","1","1","1","1","3","3","집에서 해 먹는다.","집에서 해 먹는다.","체력 및 건강관리","체력 및 건강관리","3","3","가족과 함께 지낸다","가족과 함께 지낸다","게임","게임","1","1","4"
"남",4,2,2,"아르바이트","용돈(가족의 지원)",1,1,1,1,"2","2","2","3","1","1","1","1","집에서 해 먹는다.","배달 음식","전공 및 자격증 공부","전공 및 자격증 공부","2","2","가족과 함께 지낸다","가족과 함께 지낸다","영화","영화","0","0","4"
"남",4,5,5,"용돈(가족의 지원)","공공근로(멘토링, 근로 장학 등)",5,5,1,1,"1","1","2","2","1","1","2","2","집에서 해 먹는다.","배달 음식","전공 및 자격증 공부","전공 및 자격증 공부","2","2","자취","자취","영화","영화","0","2","4"
"남",1,1,1,"용돈(가족의 지원)","아르바이트",1,1,3,3,"2","2","3","3","1","1","2","2","밖에서 먹는다.","밖에서 먹는다.","체력 및 건강관리","체력 및 건강관리","3","3","가족과 함께 지낸다","가족과 함께 지낸다","운동","운동","1","1","4"
"남",4,4,4,"용돈(가족의 지원)","용돈(가족의 지원)",4,4,3,1,"1","2","2","2","2","1","2","1","밖에서 먹는다.","배달 음식","전공 및 자격증 공부","체력 및 건강관리","2","2","자취","자취","영화","운동","1","2","3"
"남",4,2,2,"아르바이트","공공근로(멘토링, 근로 장학 등)",3,3,4,2,"1","1","2","1","1","2","3","3","밖에서 먹는다.","배달 음식","전공 및 자격증 공부","체력 및 건강관리","2","2","자취","쉐어하우스","영화","영화","2","3","4"
"여",1,2,3,"용돈(가족의 지원)","아르바이트",2,3,1,4,"3","3","3","3","2","2","2","2","밖에서 먹는다.","배달 음식","예체능(음악, 미술)","독서","1","1","가족과 함께 지낸다","가족과 함께 지낸다","영화","운동","1","3","3"
"남",4,4,4,"기타","기타",3,4,4,3,"2","1","2","2","1","2","5","4","밖에서 먹는다.","배달 음식","전공 및 자격증 공부","전공 및 자격증 공부","3","3","자취","가족과 함께 지낸다","운동","운동","1","1","3"
"여",4,5,1,"아르바이트","아르바이트",3,1,4,5,"2","1","2","3","4","2","3","2","배달 음식","집에서 해 먹는다.","전공 및 자격증 공부","전공 및 자격증 공부","3","3","자취","자취","책","게임","2","2","3"
"남",1,2,2,"용돈(가족의 지원)","용돈(가족의 지원)",1,1,2,3,"1","1","1","1","2","2","3","3","집에서 해 먹는다.","집에서 해 먹는다.","예체능(음악, 미술)","예체능(음악, 미술)","2","2","가족과 함께 지낸다","가족과 함께 지낸다","게임","게임","0","0","2"
"남",1,2,3,"용돈(가족의 지원)","용돈(가족의 지원)",2,3,2,2,"2","1","2","2","2","2","1","1","배달 음식","배달 음식","예체능(음악, 미술)","예체능(음악, 미술)","2","2","가족과 함께 지낸다","가족과 함께 지낸다","게임","게임","1","1","3"
"남",4,4,3,"아르바이트","아르바이트",4,4,3,2,"2","2","2","2","1","1","3","2","밖에서 먹는다.","집에서 해 먹는다.","전공 및 자격증 공부","체력 및 건강관리","3","3","가족과 함께 지낸다","가족과 함께 지낸다","영화","운동","1","1","2"
"남",4,3,5,"인턴","인턴",3,4,2,3,"2","2","3","3","1","3","2","5","집에서 해 먹는다.","밖에서 먹는다.","전공 및 자격증 공부","전공 및 자격증 공부","3","3","가족과 함께 지낸다","가족과 함께 지낸다","게임","게임","0","1","5"
"남",4,4,4,"용돈(가족의 지원)","용돈(가족의 지원)",4,4,1,1,"1","1","2","3","1","1","2","2","밖에서 먹는다.","배달 음식","전공 및 자격증 공부","전공 및 자격증 공부","2","2","자취","자취","운동","운동","1","1","2"
"남",2,5,3,"아르바이트","용돈(가족의 지원)",4,2,3,2,"5","2","3","2","3","3","4","1","밖에서 먹는다.","집에서 해 먹는다.","체력 및 건강관리","예체능(음악, 미술)","4","3","가족과 함께 지낸다","가족과 함께 지낸다","운동","게임","1","2","4"
"여",2,5,5,"아르바이트","아르바이트",3,5,4,5,"1","1","2","2","3","3","4","5","집에서 해 먹는다.","배달 음식","전공 및 자격증 공부","예체능(음악, 미술)","2","3","가족과 함께 지낸다","자취","전시회 및 콘서트(공연)","책","2","2","3"
"남",4,2,5,"아르바이트","기타",3,5,3,4,"2","4","2","3","1","1","1","5","집에서 해 먹는다.","집에서 해 먹는다.","전공 및 자격증 공부","체력 및 건강관리","2","4","자취","자취","영화","운동","0","0","3"
"여",4,5,5,"아르바이트","아르바이트",5,5,5,3,"5","2","5","3","1","1","3","2","배달 음식","집에서 해 먹는다.","전공 및 자격증 공부","체력 및 건강관리","5","3","자취","자취","영화","운동","3","3","4"
"남",4,3,3,"공공근로(멘토링, 근로 장학 등)","공공근로(멘토링, 근로 장학 등)",3,3,5,3,"1","1","1","2","1","1","1","1","배달 음식","배달 음식","전공 및 자격증 공부","전공 및 자격증 공부","4","4","자취","자취","게임","게임","1","3","4"
"여",3,4,3,"아르바이트","금융(투자)",5,3,1,2,"4","2","5","3","1","1","3","2","밖에서 먹는다.","배달 음식","체력 및 건강관리","외국어 공부","2","2","가족과 함께 지낸다","가족과 함께 지낸다","전시회 및 콘서트(공연)","게임","0","4","5"
"남",2,2,2,"용돈(가족의 지원)","용돈(가족의 지원)",2,2,3,3,"2","2","3","3","1","1","2","2","밖에서 먹는다.","밖에서 먹는다.","전공 및 자격증 공부","전공 및 자격증 공부","3","3","기숙사","기숙사","운동","운동","1","1","3"
"여",4,3,3,"용돈(가족의 지원)","아르바이트",2,3,1,1,"2","2","1","1","2","2","1","2","집에서 해 먹는다.","집에서 해 먹는다.","예체능(음악, 미술)","체력 및 건강관리","2","2","기숙사","가족과 함께 지낸다","영화","운동","0","2","3"
"여",4,4,4,"용돈(가족의 지원)","용돈(가족의 지원)",5,5,3,2,"1","1","4","4","3","3","3","2","배달 음식","배달 음식","전공 및 자격증 공부","전공 및 자격증 공부","4","4","자취","자취","영화","게임","1","3","3"
"남",4,5,5,"금융(투자)","아르바이트",4,4,4,3,"5","2","2","5","3","3","4","4","집에서 해 먹는다.","배달 음식","체력 및 건강관리","체력 및 건강관리","3","3","자취","자취","운동","운동","0","0","2"
"남",4,2,2,"금융(투자)","금융(투자)",2,2,1,1,"1","1","1","1","1","1","1","5","집에서 해 먹는다.","집에서 해 먹는다.","예체능(음악, 미술)","전공 및 자격증 공부","3","3","자취","자취","운동","운동","1","1","4"
"남",4,2,2,"용돈(가족의 지원)","용돈(가족의 지원)",2,2,2,2,"1","1","2","2","1","1","2","2","집에서 해 먹는다.","집에서 해 먹는다.","체력 및 건강관리","체력 및 건강관리","2","2","기숙사","가족과 함께 지낸다","운동","운동","0","0","3"
"남",4,3,4,"용돈(가족의 지원)","용돈(가족의 지원)",3,4,2,2,"2","1","2","3","3","3","1","2","밖에서 먹는다.","배달 음식","독서","독서","3","3","가족과 함께 지낸다","기숙사","게임","게임","0","1","4"
"남",3,2,2,"용돈(가족의 지원)","용돈(가족의 지원)",2,2,4,1,"2","1","4","2","3","3","1","1","밖에서 먹는다.","배달 음식","독서","외국어 공부","2","2","기숙사","기숙사","게임","게임","0","0","3"
"남",4,4,5,"용돈(가족의 지원)","용돈(가족의 지원)",5,5,2,2,"3","2","4","3","1","1","3","2","밖에서 먹는다.","배달 음식","체력 및 건강관리","체력 및 건강관리","3","2","가족과 함께 지낸다","자취","게임","게임","1","1","3"
"남",3,4,4,"용돈(가족의 지원)","용돈(가족의 지원)",4,4,3,2,"4","4","3","2","1","1","1","1","밖에서 먹는다.","집에서 해 먹는다.","전공 및 자격증 공부","전공 및 자격증 공부","4","4","자취","가족과 함께 지낸다","운동","운동","1","2","3"
"남",4,3,3,"용돈(가족의 지원)","공공근로(멘토링, 근로 장학 등)",3,4,2,2,"2","2","1","1","1","1","3","3","집에서 해 먹는다.","배달 음식","체력 및 건강관리","체력 및 건강관리","2","2","가족과 함께 지낸다","자취","게임","게임","1","1","3"
"남",4,3,3,"용돈(가족의 지원)","용돈(가족의 지원)",3,3,3,3,"4","4","2","3","3","3","3","4","밖에서 먹는다.","집에서 해 먹는다.","전공 및 자격증 공부","외국어 공부","3","3","가족과 함께 지낸다","자취","영화","운동","0","2","3"
"남",4,3,3,"아르바이트","아르바이트",3,3,2,2,"2","2","2","2","5","5","2","2","집에서 해 먹는다.","집에서 해 먹는다.","체력 및 건강관리","체력 및 건강관리","3","3","가족과 함께 지낸다","가족과 함께 지낸다","운동","운동","1","1","4"
"여",3,3,3,"용돈(가족의 지원)","용돈(가족의 지원)",3,3,1,1,"1","1","2","2","5","5","2","2","집에서 해 먹는다.","집에서 해 먹는다.","전공 및 자격증 공부","체력 및 건강관리","4","4","가족과 함께 지낸다","가족과 함께 지낸다","전시회 및 콘서트(공연)","영화","1","2","3"
"남",3,4,5,"용돈(가족의 지원)","용돈(가족의 지원)",3,4,4,2,"3","3","2","5","3","2","3","4","밖에서 먹는다.","배달 음식","체력 및 건강관리","체력 및 건강관리","3","3","가족과 함께 지낸다","가족과 함께 지낸다","운동","운동","1","2","2"
"남",4,3,3,"용돈(가족의 지원)","용돈(가족의 지원)",3,3,1,1,"1","1","2","2","1","1","2","2","집에서 해 먹는다.","집에서 해 먹는다.","체력 및 건강관리","체력 및 건강관리","2","2","자취","자취","운동","운동","1","0","2"
"남",4,5,5,"아르바이트","아르바이트",3,3,1,1,"1","1","1","1","1","1","1","1","집에서 해 먹는다.","집에서 해 먹는다.","예체능(음악, 미술)","예체능(음악, 미술)","1","1","자취","자취","영화","영화","0","0","1"
"여",2,3,2,"용돈(가족의 지원)","용돈(가족의 지원)",3,3,3,3,"3","4","4","5","1","1","3","3","밖에서 먹는다.","배달 음식","전공 및 자격증 공부","전공 및 자격증 공부","2","2","가족과 함께 지낸다","가족과 함께 지낸다","영화","운동","0","1","2"
"남",4,2,5,"아르바이트","아르바이트",1,3,3,2,"1","3","3","3","1","1","1","3","밖에서 먹는다.","배달 음식","체력 및 건강관리","체력 및 건강관리","3","3","자취","자취","영화","운동","0","2","5"
"남",1,1,1,"용돈(가족의 지원)","용돈(가족의 지원)",2,2,3,3,"3","3","4","4","1","1","2","2","밖에서 먹는다.","밖에서 먹는다.","독서","독서","3","3","가족과 함께 지낸다","기숙사","게임","게임","2","2","3"
"남",3,3,3,"용돈(가족의 지원)","용돈(가족의 지원)",4,3,2,1,"2","1","3","3","3","3","1","1","배달 음식","배달 음식","전공 및 자격증 공부","전공 및 자격증 공부","2","2","자취","자취","게임","게임","1","1","4"
"남",4,2,3,"공공근로(멘토링, 근로 장학 등)","공공근로(멘토링, 근로 장학 등)",2,3,3,3,"2","2","1","1","2","2","3","3","집에서 해 먹는다.","배달 음식","독서","전공 및 자격증 공부","2","2","자취","자취","영화","영화","1","1","4"
"여",4,4,3,"아르바이트","아르바이트",5,5,2,2,"3","2","5","3","2","4","5","3","밖에서 먹는다.","배달 음식","전공 및 자격증 공부","체력 및 건강관리","4","2","가족과 함께 지낸다","자취","영화","운동","1","3","5"
"여",4,2,2,"아르바이트","아르바이트",3,4,4,2,"5","5","5","3","1","2","2","5","밖에서 먹는다.","배달 음식","외국어 공부","전공 및 자격증 공부","2","2","자취","기숙사","영화","책","1","3","5"
"여",4,2,2,"아르바이트","아르바이트",4,3,4,2,"5","5","4","3","1","1","3","2","밖에서 먹는다.","집에서 해 먹는다.","전공 및 자격증 공부","전공 및 자격증 공부","2","2","가족과 함께 지낸다","가족과 함께 지낸다","영화","책","1","2","4"
"여",3,3,4,"인턴","아르바이트",3,3,1,1,"2","2","2","3","3","5","3","1","밖에서 먹는다.","집에서 해 먹는다.","예체능(음악, 미술)","체력 및 건강관리","1","1","가족과 함께 지낸다","기숙사","전시회 및 콘서트(공연)","게임","1","3","4"
"여",4,1,3,"용돈(가족의 지원)","아르바이트",4,5,2,3,"5","5","4","4","3","3","2","5","집에서 해 먹는다.","밖에서 먹는다.","외국어 공부","예체능(음악, 미술)","3","3","가족과 함께 지낸다","기숙사","영화","영화","0","0","3"
"남",2,3,3,"용돈(가족의 지원)","용돈(가족의 지원)",4,4,1,2,"2","2","2","3","1","1","2","5","밖에서 먹는다.","밖에서 먹는다.","체력 및 건강관리","체력 및 건강관리","2","2","가족과 함께 지낸다","가족과 함께 지낸다","게임","게임","0","2","3"
"여",4,2,1,"아르바이트","용돈(가족의 지원)",2,2,3,2,"1","1","2","2","1","1","3","3","집에서 해 먹는다.","집에서 해 먹는다.","전공 및 자격증 공부","전공 및 자격증 공부","2","2","가족과 함께 지낸다","가족과 함께 지낸다","게임","게임","0","0","2"
"여",4,5,5,"아르바이트","아르바이트",5,5,5,4,"4","5","3","4","1","3","5","5","밖에서 먹는다.","배달 음식","전공 및 자격증 공부","체력 및 건강관리","2","2","가족과 함께 지낸다","가족과 함께 지낸다","전시회 및 콘서트(공연)","책","0","2","4"
"남",3,5,5,"용돈(가족의 지원)","용돈(가족의 지원)",4,4,3,2,"4","3","3","3","4","4","2","4","집에서 해 먹는다.","집에서 해 먹는다.","체력 및 건강관리","체력 및 건강관리","3","3","하숙","하숙","운동","운동","2","1","4"
"여",4,3,4,"용돈(가족의 지원)","아르바이트",3,3,3,2,"2","1","4","2","1","2","4","3","밖에서 먹는다.","집에서 해 먹는다.","전공 및 자격증 공부","전공 및 자격증 공부","1","1","기숙사","자취","영화","책","1","2","4"
"여",2,1,1,"아르바이트","공공근로(멘토링, 근로 장학 등)",2,1,3,2,"2","2","5","5","1","1","3","3","집에서 해 먹는다.","밖에서 먹는다.","전공 및 자격증 공부","체력 및 건강관리","2","2","가족과 함께 지낸다","가족과 함께 지낸다","영화","운동","1","3","3"
"남",1,1,1,"용돈(가족의 지원)","아르바이트",2,1,1,3,"1","1","2","1","2","2","1","3","밖에서 먹는다.","집에서 해 먹는다.","전공 및 자격증 공부","전공 및 자격증 공부","1","3","가족과 함께 지낸다","가족과 함께 지낸다","운동","게임","0","1","4"
"남",4,4,4,"용돈(가족의 지원)","아르바이트",4,1,1,1,"1","3","1","3","1","1","2","1","밖에서 먹는다.","기타","전공 및 자격증 공부","체력 및 건강관리","2","2","자취","기숙사","게임","운동","0","1","4"
"남",3,3,3,"공공근로(멘토링, 근로 장학 등)","공공근로(멘토링, 근로 장학 등)",5,5,2,2,"2","2","5","5","2","2","2","3","밖에서 먹는다.","배달 음식","체력 및 건강관리","전공 및 자격증 공부","3","3","기숙사","기숙사","게임","운동","2","2","4"
"여",4,5,5,"아르바이트","아르바이트",4,5,2,1,"1","2","2","3","1","1","5","5","집에서 해 먹는다.","배달 음식","체력 및 건강관리","체력 및 건강관리","2","2","가족과 함께 지낸다","가족과 함께 지낸다","영화","영화","2","3","3"
"여",3,2,2,"아르바이트","용돈(가족의 지원)",1,1,2,2,"3","2","4","3","2","2","5","3","밖에서 먹는다.","배달 음식","전공 및 자격증 공부","전공 및 자격증 공부","3","2","가족과 함께 지낸다","가족과 함께 지낸다","전시회 및 콘서트(공연)","게임","2","3","5"
"여",2,5,5,"아르바이트","아르바이트",5,4,4,3,"4","4","3","3","1","2","4","2","집에서 해 먹는다.","집에서 해 먹는다.","외국어 공부","독서","3","3","자취","가족과 함께 지낸다","전시회 및 콘서트(공연)","전시회 및 콘서트(공연)","1","3","2"
"남",1,1,3,"용돈(가족의 지원)","용돈(가족의 지원)",2,4,1,1,"1","1","2","4","2","2","1","4","집에서 해 먹는다.","배달 음식","외국어 공부","외국어 공부","1","1","가족과 함께 지낸다","기숙사","전시회 및 콘서트(공연)","영화","0","3","2"
"여",3,3,3,"용돈(가족의 지원)","용돈(가족의 지원)",3,5,3,2,"3","5","2","4","2","2","2","2","밖에서 먹는다.","배달 음식","전공 및 자격증 공부","전공 및 자격증 공부","2","2","가족과 함께 지낸다","자취","전시회 및 콘서트(공연)","게임","0","4","5"
"남",3,2,1,"용돈(가족의 지원)","용돈(가족의 지원)",1,1,1,1,"2","2","1","1","1","1","1","1","집에서 해 먹는다.","집에서 해 먹는다.","체력 및 건강관리","독서","2","2","가족과 함께 지낸다","가족과 함께 지낸다","게임","게임","0","0","2"
"남",4,4,3,"아르바이트","아르바이트",5,5,2,2,"3","2","5","3","2","4","5","3","밖에서 먹는다.","배달 음식","전공 및 자격증 공부","체력 및 건강관리","4","2","가족과 함께 지낸다","자취","영화","운동","1","3","5"
"여",4,2,2,"아르바이트","아르바이트",3,4,4,2,"5","5","5","3","1","2","2","5","밖에서 먹는다.","배달 음식","외국어 공부","전공 및 자격증 공부","2","2","자취","기숙사","영화","책","1","3","5"
"남",4,4,3,"아르바이트","아르바이트",5,5,2,2,"3","2","5","3","2","4","5","3","밖에서 먹는다.","배달 음식","전공 및 자격증 공부","체력 및 건강관리","4","2","가족과 함께 지낸다","자취","영화","운동","1","3","5"
"여",4,2,2,"아르바이트","아르바이트",3,4,4,2,"5","5","5","3","1","2","2","5","밖에서 먹는다.","배달 음식","외국어 공부","전공 및 자격증 공부","2","2","자취","기숙사","영화","책","1","3","5"
"여",4,5,1,"아르바이트","아르바이트",3,1,4,5,"2","1","2","3","4","2","3","2","배달 음식","집에서 해 먹는다.","전공 및 자격증 공부","전공 및 자격증 공부","3","3","자취","자취","책","게임","2","2","3"
"남",1,2,2,"용돈(가족의 지원)","용돈(가족의 지원)",1,1,2,3,"1","1","1","1","2","2","3","3","집에서 해 먹는다.","집에서 해 먹는다.","예체능(음악, 미술)","예체능(음악, 미술)","2","2","가족과 함께 지낸다","가족과 함께 지낸다","게임","게임","0","0","2"
"남",2,2,3,"용돈(가족의 지원)","용돈(가족의 지원)",2,3,2,2,"2","1","2","2","2","2","1","1","배달 음식","배달 음식","예체능(음악, 미술)","예체능(음악, 미술)","2","2","가족과 함께 지낸다","가족과 함께 지낸다","게임","게임","1","1","3"
"남",4,4,3,"아르바이트","아르바이트",4,4,3,2,"2","2","2","2","1","1","3","2","밖에서 먹는다.","집에서 해 먹는다.","전공 및 자격증 공부","체력 및 건강관리","3","3","가족과 함께 지낸다","가족과 함께 지낸다","영화","운동","1","1","2"
"여",2,2,2,"아르바이트","아르바이트",3,4,4,2,"5","5","5","3","1","2","2","5","밖에서 먹는다.","배달 음식","외국어 공부","전공 및 자격증 공부","2","2","자취","기숙사","영화","책","1","3","5"
"남",4,3,4,"아르바이트","공공근로(멘토링, 근로 장학 등)",3,5,2,3,"2","2","3","4","1","2","3","4","집에서 해 먹는다.","밖에서 먹는다.","전공 및 자격증 공부","전공 및 자격증 공부","3","3","자취","자취","영화","운동","0","1","4"
